{
  "hash": "75cdc73c",
  "configHash": "0e6b350c",
  "lockfileHash": "5effa488",
  "browserHash": "906079eb",
  "optimized": {
    "@angular/cdk/bidi": {
      "src": "../../../../../../node_modules/@angular/cdk/fesm2022/bidi.mjs",
      "file": "@angular_cdk_bidi.js",
      "fileHash": "795ecd9f",
      "needsInterop": false
    },
    "@angular/cdk/scrolling": {
      "src": "../../../../../../node_modules/@angular/cdk/fesm2022/scrolling.mjs",
      "file": "@angular_cdk_scrolling.js",
      "fileHash": "d7cc78fd",
      "needsInterop": false
    },
    "@angular/cdk/text-field": {
      "src": "../../../../../../node_modules/@angular/cdk/fesm2022/text-field.mjs",
      "file": "@angular_cdk_text-field.js",
      "fileHash": "bc30b3e0",
      "needsInterop": false
    },
    "@angular/common": {
      "src": "../../../../../../node_modules/@angular/common/fesm2022/common.mjs",
      "file": "@angular_common.js",
      "fileHash": "81bb89c7",
      "needsInterop": false
    },
    "@angular/common/http": {
      "src": "../../../../../../node_modules/@angular/common/fesm2022/http.mjs",
      "file": "@angular_common_http.js",
      "fileHash": "d3a1b4a3",
      "needsInterop": false
    },
    "@angular/core": {
      "src": "../../../../../../node_modules/@angular/core/fesm2022/core.mjs",
      "file": "@angular_core.js",
      "fileHash": "48723690",
      "needsInterop": false
    },
    "@angular/fire/app": {
      "src": "../../../../../../node_modules/@angular/fire/fesm2022/angular-fire-app.mjs",
      "file": "@angular_fire_app.js",
      "fileHash": "ff2fe5a5",
      "needsInterop": false
    },
    "@angular/fire/auth": {
      "src": "../../../../../../node_modules/@angular/fire/fesm2022/angular-fire-auth.mjs",
      "file": "@angular_fire_auth.js",
      "fileHash": "ed27a436",
      "needsInterop": false
    },
    "@angular/fire/firestore": {
      "src": "../../../../../../node_modules/@angular/fire/fesm2022/angular-fire-firestore.mjs",
      "file": "@angular_fire_firestore.js",
      "fileHash": "1f17bf2f",
      "needsInterop": false
    },
    "@angular/forms": {
      "src": "../../../../../../node_modules/@angular/forms/fesm2022/forms.mjs",
      "file": "@angular_forms.js",
      "fileHash": "ade27bc8",
      "needsInterop": false
    },
    "@angular/material/bottom-sheet": {
      "src": "../../../../../../node_modules/@angular/material/fesm2022/bottom-sheet.mjs",
      "file": "@angular_material_bottom-sheet.js",
      "fileHash": "1f6709fc",
      "needsInterop": false
    },
    "@angular/material/button": {
      "src": "../../../../../../node_modules/@angular/material/fesm2022/button.mjs",
      "file": "@angular_material_button.js",
      "fileHash": "ced720f5",
      "needsInterop": false
    },
    "@angular/material/card": {
      "src": "../../../../../../node_modules/@angular/material/fesm2022/card.mjs",
      "file": "@angular_material_card.js",
      "fileHash": "b6408d19",
      "needsInterop": false
    },
    "@angular/material/core": {
      "src": "../../../../../../node_modules/@angular/material/fesm2022/core.mjs",
      "file": "@angular_material_core.js",
      "fileHash": "ee6a3e5f",
      "needsInterop": false
    },
    "@angular/material/datepicker": {
      "src": "../../../../../../node_modules/@angular/material/fesm2022/datepicker.mjs",
      "file": "@angular_material_datepicker.js",
      "fileHash": "91f14247",
      "needsInterop": false
    },
    "@angular/material/dialog": {
      "src": "../../../../../../node_modules/@angular/material/fesm2022/dialog.mjs",
      "file": "@angular_material_dialog.js",
      "fileHash": "f98742b6",
      "needsInterop": false
    },
    "@angular/material/divider": {
      "src": "../../../../../../node_modules/@angular/material/fesm2022/divider.mjs",
      "file": "@angular_material_divider.js",
      "fileHash": "522ca45a",
      "needsInterop": false
    },
    "@angular/material/form-field": {
      "src": "../../../../../../node_modules/@angular/material/fesm2022/form-field.mjs",
      "file": "@angular_material_form-field.js",
      "fileHash": "71c4146a",
      "needsInterop": false
    },
    "@angular/material/icon": {
      "src": "../../../../../../node_modules/@angular/material/fesm2022/icon.mjs",
      "file": "@angular_material_icon.js",
      "fileHash": "11cd8c6b",
      "needsInterop": false
    },
    "@angular/material/input": {
      "src": "../../../../../../node_modules/@angular/material/fesm2022/input.mjs",
      "file": "@angular_material_input.js",
      "fileHash": "b31f2722",
      "needsInterop": false
    },
    "@angular/material/list": {
      "src": "../../../../../../node_modules/@angular/material/fesm2022/list.mjs",
      "file": "@angular_material_list.js",
      "fileHash": "ea0e7ba0",
      "needsInterop": false
    },
    "@angular/material/radio": {
      "src": "../../../../../../node_modules/@angular/material/fesm2022/radio.mjs",
      "file": "@angular_material_radio.js",
      "fileHash": "1a8d8cb5",
      "needsInterop": false
    },
    "@angular/material/select": {
      "src": "../../../../../../node_modules/@angular/material/fesm2022/select.mjs",
      "file": "@angular_material_select.js",
      "fileHash": "49204a0a",
      "needsInterop": false
    },
    "@angular/material/slide-toggle": {
      "src": "../../../../../../node_modules/@angular/material/fesm2022/slide-toggle.mjs",
      "file": "@angular_material_slide-toggle.js",
      "fileHash": "b053e1cf",
      "needsInterop": false
    },
    "@angular/material/snack-bar": {
      "src": "../../../../../../node_modules/@angular/material/fesm2022/snack-bar.mjs",
      "file": "@angular_material_snack-bar.js",
      "fileHash": "6e10e4eb",
      "needsInterop": false
    },
    "@angular/material/toolbar": {
      "src": "../../../../../../node_modules/@angular/material/fesm2022/toolbar.mjs",
      "file": "@angular_material_toolbar.js",
      "fileHash": "d022a66c",
      "needsInterop": false
    },
    "@angular/platform-browser": {
      "src": "../../../../../../node_modules/@angular/platform-browser/fesm2022/platform-browser.mjs",
      "file": "@angular_platform-browser.js",
      "fileHash": "6752ae59",
      "needsInterop": false
    },
    "@angular/platform-browser/animations": {
      "src": "../../../../../../node_modules/@angular/platform-browser/fesm2022/animations.mjs",
      "file": "@angular_platform-browser_animations.js",
      "fileHash": "d8302870",
      "needsInterop": false
    },
    "@angular/router": {
      "src": "../../../../../../node_modules/@angular/router/fesm2022/router.mjs",
      "file": "@angular_router.js",
      "fileHash": "3427e8bf",
      "needsInterop": false
    },
    "firebase/firestore": {
      "src": "../../../../../../node_modules/firebase/firestore/dist/esm/index.esm.js",
      "file": "firebase_firestore.js",
      "fileHash": "05c17545",
      "needsInterop": false
    },
    "rxjs": {
      "src": "../../../../../../node_modules/rxjs/dist/esm5/index.js",
      "file": "rxjs.js",
      "fileHash": "326bc0be",
      "needsInterop": false
    },
    "rxjs/operators": {
      "src": "../../../../../../node_modules/rxjs/dist/esm5/operators/index.js",
      "file": "rxjs_operators.js",
      "fileHash": "d06ec1ad",
      "needsInterop": false
    },
    "zone.js": {
      "src": "../../../../../../node_modules/zone.js/fesm2015/zone.js",
      "file": "zone__js.js",
      "fileHash": "ec1c9b62",
      "needsInterop": true
    },
    "browser-image-compression": {
      "src": "../../../../../../node_modules/browser-image-compression/dist/browser-image-compression.mjs",
      "file": "browser-image-compression.js",
      "fileHash": "21469e33",
      "needsInterop": false
    },
    "@angular/fire/storage": {
      "src": "../../../../../../node_modules/@angular/fire/fesm2022/angular-fire-storage.mjs",
      "file": "@angular_fire_storage.js",
      "fileHash": "0a057669",
      "needsInterop": false
    },
    "@angular/material/progress-spinner": {
      "src": "../../../../../../node_modules/@angular/material/fesm2022/progress-spinner.mjs",
      "file": "@angular_material_progress-spinner.js",
      "fileHash": "1aefd9d7",
      "needsInterop": false
    },
    "firebase/storage": {
      "src": "../../../../../../node_modules/firebase/storage/dist/esm/index.esm.js",
      "file": "firebase_storage.js",
      "fileHash": "7667da41",
      "needsInterop": false
    },
    "@angular/material/progress-bar": {
      "src": "../../../../../../node_modules/@angular/material/fesm2022/progress-bar.mjs",
      "file": "@angular_material_progress-bar.js",
      "fileHash": "3639f3b9",
      "needsInterop": false
    }
  },
  "chunks": {
    "chunk-QNVJZ7Q2": {
      "file": "chunk-QNVJZ7Q2.js"
    },
    "chunk-PKHI5QJ6": {
      "file": "chunk-PKHI5QJ6.js"
    },
    "chunk-T6UGG6XP": {
      "file": "chunk-T6UGG6XP.js"
    },
    "chunk-LPDCZHFG": {
      "file": "chunk-LPDCZHFG.js"
    },
    "chunk-DMIVTCI2": {
      "file": "chunk-DMIVTCI2.js"
    },
    "chunk-EQF5PVBD": {
      "file": "chunk-EQF5PVBD.js"
    },
    "chunk-REZ54CRC": {
      "file": "chunk-REZ54CRC.js"
    },
    "chunk-5PP2QGD2": {
      "file": "chunk-5PP2QGD2.js"
    },
    "chunk-XIUOMAZ2": {
      "file": "chunk-XIUOMAZ2.js"
    },
    "chunk-J3O34GUF": {
      "file": "chunk-J3O34GUF.js"
    },
    "chunk-4ZNAVDOA": {
      "file": "chunk-4ZNAVDOA.js"
    },
    "chunk-OZADLIFU": {
      "file": "chunk-OZADLIFU.js"
    },
    "chunk-JPVIAKHS": {
      "file": "chunk-JPVIAKHS.js"
    },
    "chunk-HPHAVCNQ": {
      "file": "chunk-HPHAVCNQ.js"
    },
    "chunk-362GCZZ2": {
      "file": "chunk-362GCZZ2.js"
    },
    "chunk-I6GHOYHY": {
      "file": "chunk-I6GHOYHY.js"
    },
    "chunk-6ABM7NSU": {
      "file": "chunk-6ABM7NSU.js"
    },
    "chunk-ABXHJYMP": {
      "file": "chunk-ABXHJYMP.js"
    },
    "chunk-5PKOFJY4": {
      "file": "chunk-5PKOFJY4.js"
    },
    "chunk-OOETXSXE": {
      "file": "chunk-OOETXSXE.js"
    },
    "chunk-VNMAD4HY": {
      "file": "chunk-VNMAD4HY.js"
    },
    "chunk-XAASCLNU": {
      "file": "chunk-XAASCLNU.js"
    },
    "chunk-ME6T2RWV": {
      "file": "chunk-ME6T2RWV.js"
    },
    "chunk-QCETVJKM": {
      "file": "chunk-QCETVJKM.js"
    },
    "chunk-GWE4MCPP": {
      "file": "chunk-GWE4MCPP.js"
    },
    "chunk-AOOFOK7W": {
      "file": "chunk-AOOFOK7W.js"
    },
    "chunk-6D4YE5XH": {
      "file": "chunk-6D4YE5XH.js"
    },
    "chunk-QEKC3ZHL": {
      "file": "chunk-QEKC3ZHL.js"
    },
    "chunk-2VY2CS2Q": {
      "file": "chunk-2VY2CS2Q.js"
    },
    "chunk-JKXN7TEA": {
      "file": "chunk-JKXN7TEA.js"
    },
    "chunk-YBJLBSGD": {
      "file": "chunk-YBJLBSGD.js"
    },
    "chunk-EOFW2REK": {
      "file": "chunk-EOFW2REK.js"
    },
    "chunk-JLQID2UQ": {
      "file": "chunk-JLQID2UQ.js"
    },
    "chunk-FD4X3BDM": {
      "file": "chunk-FD4X3BDM.js"
    },
    "chunk-ANMJJIKY": {
      "file": "chunk-ANMJJIKY.js"
    },
    "chunk-HBS7KOGN": {
      "file": "chunk-HBS7KOGN.js"
    },
    "chunk-3LKSP6G2": {
      "file": "chunk-3LKSP6G2.js"
    },
    "chunk-KQRM5WX6": {
      "file": "chunk-KQRM5WX6.js"
    },
    "chunk-6VYQ7Q3H": {
      "file": "chunk-6VYQ7Q3H.js"
    },
    "chunk-F2QEMO3N": {
      "file": "chunk-F2QEMO3N.js"
    },
    "chunk-OTQLPVHW": {
      "file": "chunk-OTQLPVHW.js"
    },
    "chunk-TYLNY5KT": {
      "file": "chunk-TYLNY5KT.js"
    },
    "chunk-FQBI3WRC": {
      "file": "chunk-FQBI3WRC.js"
    },
    "chunk-4DJR3ZNH": {
      "file": "chunk-4DJR3ZNH.js"
    },
    "chunk-5K356HEJ": {
      "file": "chunk-5K356HEJ.js"
    }
  }
}