{
  "hash": "4ba5e473",
  "configHash": "040c8003",
  "lockfileHash": "5effa488",
  "browserHash": "f8a14b11",
  "optimized": {
    "@angular/cdk/bidi": {
      "src": "../../../../../../node_modules/@angular/cdk/fesm2022/bidi.mjs",
      "file": "@angular_cdk_bidi.js",
      "fileHash": "a5ef41ec",
      "needsInterop": false
    },
    "@angular/cdk/scrolling": {
      "src": "../../../../../../node_modules/@angular/cdk/fesm2022/scrolling.mjs",
      "file": "@angular_cdk_scrolling.js",
      "fileHash": "a8986152",
      "needsInterop": false
    },
    "@angular/cdk/text-field": {
      "src": "../../../../../../node_modules/@angular/cdk/fesm2022/text-field.mjs",
      "file": "@angular_cdk_text-field.js",
      "fileHash": "702babd6",
      "needsInterop": false
    },
    "@angular/common": {
      "src": "../../../../../../node_modules/@angular/common/fesm2022/common.mjs",
      "file": "@angular_common.js",
      "fileHash": "bee37cb4",
      "needsInterop": false
    },
    "@angular/common/http": {
      "src": "../../../../../../node_modules/@angular/common/fesm2022/http.mjs",
      "file": "@angular_common_http.js",
      "fileHash": "ad528151",
      "needsInterop": false
    },
    "@angular/core": {
      "src": "../../../../../../node_modules/@angular/core/fesm2022/core.mjs",
      "file": "@angular_core.js",
      "fileHash": "12091c77",
      "needsInterop": false
    },
    "@angular/fire/app": {
      "src": "../../../../../../node_modules/@angular/fire/fesm2022/angular-fire-app.mjs",
      "file": "@angular_fire_app.js",
      "fileHash": "467ff151",
      "needsInterop": false
    },
    "@angular/fire/auth": {
      "src": "../../../../../../node_modules/@angular/fire/fesm2022/angular-fire-auth.mjs",
      "file": "@angular_fire_auth.js",
      "fileHash": "91b4deb8",
      "needsInterop": false
    },
    "@angular/fire/firestore": {
      "src": "../../../../../../node_modules/@angular/fire/fesm2022/angular-fire-firestore.mjs",
      "file": "@angular_fire_firestore.js",
      "fileHash": "51bdfedb",
      "needsInterop": false
    },
    "@angular/forms": {
      "src": "../../../../../../node_modules/@angular/forms/fesm2022/forms.mjs",
      "file": "@angular_forms.js",
      "fileHash": "62811a4b",
      "needsInterop": false
    },
    "@angular/material/bottom-sheet": {
      "src": "../../../../../../node_modules/@angular/material/fesm2022/bottom-sheet.mjs",
      "file": "@angular_material_bottom-sheet.js",
      "fileHash": "beacabd6",
      "needsInterop": false
    },
    "@angular/material/button": {
      "src": "../../../../../../node_modules/@angular/material/fesm2022/button.mjs",
      "file": "@angular_material_button.js",
      "fileHash": "65ef63dd",
      "needsInterop": false
    },
    "@angular/material/card": {
      "src": "../../../../../../node_modules/@angular/material/fesm2022/card.mjs",
      "file": "@angular_material_card.js",
      "fileHash": "50291c2b",
      "needsInterop": false
    },
    "@angular/material/core": {
      "src": "../../../../../../node_modules/@angular/material/fesm2022/core.mjs",
      "file": "@angular_material_core.js",
      "fileHash": "fd357ff7",
      "needsInterop": false
    },
    "@angular/material/datepicker": {
      "src": "../../../../../../node_modules/@angular/material/fesm2022/datepicker.mjs",
      "file": "@angular_material_datepicker.js",
      "fileHash": "25fee405",
      "needsInterop": false
    },
    "@angular/material/dialog": {
      "src": "../../../../../../node_modules/@angular/material/fesm2022/dialog.mjs",
      "file": "@angular_material_dialog.js",
      "fileHash": "28984cf3",
      "needsInterop": false
    },
    "@angular/material/divider": {
      "src": "../../../../../../node_modules/@angular/material/fesm2022/divider.mjs",
      "file": "@angular_material_divider.js",
      "fileHash": "0aa0418e",
      "needsInterop": false
    },
    "@angular/material/form-field": {
      "src": "../../../../../../node_modules/@angular/material/fesm2022/form-field.mjs",
      "file": "@angular_material_form-field.js",
      "fileHash": "e35ab122",
      "needsInterop": false
    },
    "@angular/material/icon": {
      "src": "../../../../../../node_modules/@angular/material/fesm2022/icon.mjs",
      "file": "@angular_material_icon.js",
      "fileHash": "2d6069b4",
      "needsInterop": false
    },
    "@angular/material/input": {
      "src": "../../../../../../node_modules/@angular/material/fesm2022/input.mjs",
      "file": "@angular_material_input.js",
      "fileHash": "2235ea2c",
      "needsInterop": false
    },
    "@angular/material/list": {
      "src": "../../../../../../node_modules/@angular/material/fesm2022/list.mjs",
      "file": "@angular_material_list.js",
      "fileHash": "3f352626",
      "needsInterop": false
    },
    "@angular/material/radio": {
      "src": "../../../../../../node_modules/@angular/material/fesm2022/radio.mjs",
      "file": "@angular_material_radio.js",
      "fileHash": "0e080f61",
      "needsInterop": false
    },
    "@angular/material/select": {
      "src": "../../../../../../node_modules/@angular/material/fesm2022/select.mjs",
      "file": "@angular_material_select.js",
      "fileHash": "ba763c68",
      "needsInterop": false
    },
    "@angular/material/slide-toggle": {
      "src": "../../../../../../node_modules/@angular/material/fesm2022/slide-toggle.mjs",
      "file": "@angular_material_slide-toggle.js",
      "fileHash": "5af5322a",
      "needsInterop": false
    },
    "@angular/material/snack-bar": {
      "src": "../../../../../../node_modules/@angular/material/fesm2022/snack-bar.mjs",
      "file": "@angular_material_snack-bar.js",
      "fileHash": "5d45975b",
      "needsInterop": false
    },
    "@angular/material/toolbar": {
      "src": "../../../../../../node_modules/@angular/material/fesm2022/toolbar.mjs",
      "file": "@angular_material_toolbar.js",
      "fileHash": "a8ff3a41",
      "needsInterop": false
    },
    "@angular/platform-browser": {
      "src": "../../../../../../node_modules/@angular/platform-browser/fesm2022/platform-browser.mjs",
      "file": "@angular_platform-browser.js",
      "fileHash": "fea7d850",
      "needsInterop": false
    },
    "@angular/platform-browser/animations": {
      "src": "../../../../../../node_modules/@angular/platform-browser/fesm2022/animations.mjs",
      "file": "@angular_platform-browser_animations.js",
      "fileHash": "1decaddc",
      "needsInterop": false
    },
    "@angular/router": {
      "src": "../../../../../../node_modules/@angular/router/fesm2022/router.mjs",
      "file": "@angular_router.js",
      "fileHash": "2e812917",
      "needsInterop": false
    },
    "firebase/firestore": {
      "src": "../../../../../../node_modules/firebase/firestore/dist/esm/index.esm.js",
      "file": "firebase_firestore.js",
      "fileHash": "4c85ec4b",
      "needsInterop": false
    },
    "rxjs": {
      "src": "../../../../../../node_modules/rxjs/dist/esm5/index.js",
      "file": "rxjs.js",
      "fileHash": "88b9b7c7",
      "needsInterop": false
    },
    "rxjs/operators": {
      "src": "../../../../../../node_modules/rxjs/dist/esm5/operators/index.js",
      "file": "rxjs_operators.js",
      "fileHash": "662af2d6",
      "needsInterop": false
    },
    "zone.js": {
      "src": "../../../../../../node_modules/zone.js/fesm2015/zone.js",
      "file": "zone__js.js",
      "fileHash": "f0ad120c",
      "needsInterop": true
    },
    "browser-image-compression": {
      "src": "../../../../../../node_modules/browser-image-compression/dist/browser-image-compression.mjs",
      "file": "browser-image-compression.js",
      "fileHash": "ae44098a",
      "needsInterop": false
    },
    "@angular/fire/storage": {
      "src": "../../../../../../node_modules/@angular/fire/fesm2022/angular-fire-storage.mjs",
      "file": "@angular_fire_storage.js",
      "fileHash": "473e5010",
      "needsInterop": false
    },
    "@angular/material/progress-spinner": {
      "src": "../../../../../../node_modules/@angular/material/fesm2022/progress-spinner.mjs",
      "file": "@angular_material_progress-spinner.js",
      "fileHash": "abf00e0b",
      "needsInterop": false
    },
    "firebase/storage": {
      "src": "../../../../../../node_modules/firebase/storage/dist/esm/index.esm.js",
      "file": "firebase_storage.js",
      "fileHash": "3340b57f",
      "needsInterop": false
    }
  },
  "chunks": {
    "chunk-ZSMKXLRU": {
      "file": "chunk-ZSMKXLRU.js"
    },
    "chunk-T6UGG6XP": {
      "file": "chunk-T6UGG6XP.js"
    },
    "chunk-LPDCZHFG": {
      "file": "chunk-LPDCZHFG.js"
    },
    "chunk-DMIVTCI2": {
      "file": "chunk-DMIVTCI2.js"
    },
    "chunk-5PP2QGD2": {
      "file": "chunk-5PP2QGD2.js"
    },
    "chunk-4ZNAVDOA": {
      "file": "chunk-4ZNAVDOA.js"
    },
    "chunk-XIUOMAZ2": {
      "file": "chunk-XIUOMAZ2.js"
    },
    "chunk-2L5ZANSG": {
      "file": "chunk-2L5ZANSG.js"
    },
    "chunk-HYPL6FRI": {
      "file": "chunk-HYPL6FRI.js"
    },
    "chunk-JKXN7TEA": {
      "file": "chunk-JKXN7TEA.js"
    },
    "chunk-YBJLBSGD": {
      "file": "chunk-YBJLBSGD.js"
    },
    "chunk-HPHAVCNQ": {
      "file": "chunk-HPHAVCNQ.js"
    },
    "chunk-QC5WW2KI": {
      "file": "chunk-QC5WW2KI.js"
    },
    "chunk-UP4S66TR": {
      "file": "chunk-UP4S66TR.js"
    },
    "chunk-E2N734G2": {
      "file": "chunk-E2N734G2.js"
    },
    "chunk-6ABM7NSU": {
      "file": "chunk-6ABM7NSU.js"
    },
    "chunk-ABXHJYMP": {
      "file": "chunk-ABXHJYMP.js"
    },
    "chunk-ADBDTZSE": {
      "file": "chunk-ADBDTZSE.js"
    },
    "chunk-D5QHZQME": {
      "file": "chunk-D5QHZQME.js"
    },
    "chunk-6OMOYA3W": {
      "file": "chunk-6OMOYA3W.js"
    },
    "chunk-C5GU5EI3": {
      "file": "chunk-C5GU5EI3.js"
    },
    "chunk-DJG6S73W": {
      "file": "chunk-DJG6S73W.js"
    },
    "chunk-XAASCLNU": {
      "file": "chunk-XAASCLNU.js"
    },
    "chunk-7I3HVZUU": {
      "file": "chunk-7I3HVZUU.js"
    },
    "chunk-QCETVJKM": {
      "file": "chunk-QCETVJKM.js"
    },
    "chunk-EOFW2REK": {
      "file": "chunk-EOFW2REK.js"
    },
    "chunk-ME6T2RWV": {
      "file": "chunk-ME6T2RWV.js"
    },
    "chunk-GWE4MCPP": {
      "file": "chunk-GWE4MCPP.js"
    },
    "chunk-QBHTPPVA": {
      "file": "chunk-QBHTPPVA.js"
    },
    "chunk-QNVJZ7Q2": {
      "file": "chunk-QNVJZ7Q2.js"
    },
    "chunk-JLQID2UQ": {
      "file": "chunk-JLQID2UQ.js"
    },
    "chunk-ANMJJIKY": {
      "file": "chunk-ANMJJIKY.js"
    },
    "chunk-HBS7KOGN": {
      "file": "chunk-HBS7KOGN.js"
    },
    "chunk-6VYQ7Q3H": {
      "file": "chunk-6VYQ7Q3H.js"
    },
    "chunk-F2QEMO3N": {
      "file": "chunk-F2QEMO3N.js"
    },
    "chunk-QEKC3ZHL": {
      "file": "chunk-QEKC3ZHL.js"
    },
    "chunk-2VY2CS2Q": {
      "file": "chunk-2VY2CS2Q.js"
    },
    "chunk-FD4X3BDM": {
      "file": "chunk-FD4X3BDM.js"
    },
    "chunk-3LKSP6G2": {
      "file": "chunk-3LKSP6G2.js"
    },
    "chunk-KQRM5WX6": {
      "file": "chunk-KQRM5WX6.js"
    },
    "chunk-OTQLPVHW": {
      "file": "chunk-OTQLPVHW.js"
    },
    "chunk-TYLNY5KT": {
      "file": "chunk-TYLNY5KT.js"
    },
    "chunk-FQBI3WRC": {
      "file": "chunk-FQBI3WRC.js"
    },
    "chunk-4DJR3ZNH": {
      "file": "chunk-4DJR3ZNH.js"
    },
    "chunk-5K356HEJ": {
      "file": "chunk-5K356HEJ.js"
    }
  }
}